,dia,vah,vpoc,val,vol,range,vwap,open,high,low,close,vol_vah,vol_vpoc,vol_val,poc_naked,rango_area,delta,vix_close,dia_semanal,vix_0dte
0,08/15/2022,4303.75,4298.0,4271.0,1275500,223,4281.74,4277.0,4304.75,4249.0,4298.25,400,78100,44500,0,32.75,2100,19.95,Lunes,0.0
1,08/16/2022,4314.5,4307.75,4290.75,1319200,195,4300.8,4277.0,4327.5,4278.75,4307.75,19200,63100,51300,0,23.75,-12800,19.69,Martes,0.0
2,08/17/2022,4282.75,4276.0,4264.0,1582000,240,4278.62,4309.25,4315.0,4255.0,4276.75,17100,108900,26000,0,18.75,-12400,19.9,Miercoles,0.0
3,08/18/2022,4288.75,4287.0,4272.0,1315900,150,4279.17,4287.0,4295.5,4258.0,4278.75,54200,67600,62800,0,16.75,-88000,19.56,Jueves,0.0
4,08/19/2022,4243.5,4230.75,4227.75,1625600,269,4239.75,4287.0,4288.0,4229.75,4231.5,49500,129600,46700,1,15.75,-14500,20.6,Viernes,0.0
5,08/22/2022,4163.25,4140.5,4131.5,1666200,360,4158.65,4221.0,4221.5,4131.5,4141.25,43700,82400,3400,0,31.75,-6300,23.8,Lunes,0.0
6,08/23/2022,4145.75,4138.0,4130.0,1537100,175,4140.03,4147.0,4161.75,4118.0,4130.5,49900,107200,42400,0,15.75,-3100,24.11,Martes,0.0
7,08/24/2022,4147.5,4139.75,4126.75,1292800,191,4139.16,4128.25,4158.5,4110.75,4142.75,34600,74300,29000,0,20.75,-9600,22.82,Miercoles,0.0
8,08/25/2022,4181.75,4174.0,4158.0,1572300,239,4171.86,4148.75,4202.75,4143.0,4201.0,37200,75200,36400,0,23.75,13200,21.78,Jueves,0.0
9,08/26/2022,4138.5,4058.75,4053.75,2115500,698,4122.02,4198.25,4217.25,4042.75,4059.5,14500,50500,14000,0,84.75,-2490,25.56,Viernes,0.0
10,08/29/2022,4046.5,4028.75,4018.75,1901200,229,4037.36,4024.0,4064.0,4006.75,4031.25,55900,65100,30900,0,27.75,9200,26.21,Lunes,0.0
11,08/30/2022,3999.25,3986.5,3971.5,2484200,433,3998.95,4035.75,4072.75,3964.5,3987.5,15700,115400,21000,0,27.75,-1700,26.21,Martes,0.0
12,08/31/2022,3991.75,3956.0,3955.0,2269000,261,3981.96,3987.25,4018.25,3953.0,3956.5,50400,68800,60100,0,36.75,-16100,25.87,Miercoles,0.0
13,09/01/2022,3935.25,3928.5,3905.5,2147200,271,3930.94,3958.0,3971.25,3903.5,3968.75,40800,72900,23300,0,29.75,25200,25.56,Jueves,0.0
14,09/02/2022,3990.75,3938.0,3906.0,2433300,453,3967.31,3967.5,4019.25,3906.0,3924.5,36600,52400,2000,0,84.75,3600,25.47,Viernes,0.0
15,09/05/2022,3937.0,3933.25,3926.25,213300,108,3930.0,3929.0,3942.25,3915.25,3936.25,10100,15900,10600,0,10.75,1600,25.47,Lunes,0.0
16,09/06/2022,3929.5,3908.75,3892.75,2059600,306,3918.61,3929.0,3963.25,3886.75,3910.5,32700,79300,14200,0,36.75,-7900,26.91,Martes,0.0
17,09/07/2022,3988.25,3979.5,3925.5,1843700,421,3943.39,3907.5,3988.75,3883.5,3980.0,5900,70200,25200,0,62.75,20400,24.64,Miercoles,0.0
18,09/08/2022,4001.5,3992.75,3966.75,2127400,275,3982.45,3980.0,4011.5,3942.75,4005.5,31100,82500,28500,1,34.75,53500,23.61,Jueves,0.0
19,09/09/2022,4064.5,4035.75,4025.75,1116300,286,4051.34,4010.25,4077.25,4005.75,4067.25,10500,46500,4500,1,38.75,5100,22.79,Viernes,0.0
20,09/12/2022,4133.0,4127.25,4114.25,1472700,230,4120.1,4077.25,4137.75,4080.25,4110.75,31300,85500,28300,0,18.75,-21100,23.87,Lunes,0.0
21,09/13/2022,4084.25,4003.5,3978.5,2394900,946,4014.21,4118.25,4175.0,3938.5,3931.25,1100,71800,12900,1,105.75,-13700,27.27,Martes,0.0
22,09/14/2022,3973.75,3963.0,3952.0,2190700,209,3958.73,3936.75,3981.25,3929.0,3947.5,46500,108800,53600,1,21.0,-3200,26.16,Miercoles,0.0
23,09/15/2022,3952.75,3935.0,3909.0,2302200,290,3940.87,3955.0,3977.5,3905.0,3902.0,42800,67700,20100,0,43.75,-29200,26.27,Jueves,0.0
24,09/16/2022,3883.75,3867.0,3860.0,2588600,208,3875.43,3888.5,3905.0,3853.0,3871.25,74400,96000,59800,0,23.75,3700,26.3,Viernes,0.0
25,09/19/2022,3902.0,3886.25,3872.25,2046300,323,3888.23,3889.5,3927.0,3846.25,3917.25,25100,98100,14800,0,29.75,8000,25.76,Lunes,0.0
26,09/20/2022,3885.0,3871.25,3860.25,2284000,372,3874.85,3923.0,3936.25,3843.25,3872.75,31000,96300,24000,0,24.75,7700,27.16,Martes,0.0
27,09/21/2022,3901.75,3891.0,3850.0,2363900,533,3869.94,3875.75,3925.25,3792.0,3806.25,15200,93200,15900,1,51.75,-42800,27.99,Miercoles,0.0
28,09/22/2022,3790.25,3779.5,3769.5,2535800,278,3784.8,3794.0,3833.0,3763.5,3772.0,55800,153900,48200,0,20.75,7600,27.35,Jueves,0.0
29,09/23/2022,3715.0,3709.25,3677.25,2805800,492,3704.62,3777.25,3783.25,3660.0,3709.0,17300,123300,26200,1,37.75,20300,29.92,Viernes,0.0
30,09/26/2022,3698.25,3689.5,3663.5,2829100,292,3689.58,3705.25,3730.5,3657.5,3670.0,51300,84200,46200,0,34.75,29000,32.26,Lunes,0.0
31,09/27/2022,3700.0,3647.25,3636.25,2898300,391,3678.83,3668.0,3673.0,3635.25,3661.0,43400,81900,3100,0,63.75,26400,32.6,Martes,0.0
32,09/28/2022,3750.75,3719.0,3669.0,2683700,553,3690.83,3668.5,3751.25,3613.0,3732.0,2900,52400,48000,0,81.75,-13300,30.18,Miercoles,0.0
33,09/29/2022,3664.75,3654.0,3631.0,2798000,456,3658.92,3730.25,3736.0,3622.0,3654.25,30900,123500,26300,0,33.75,2300,31.84,Jueves,0.0
34,09/30/2022,3674.0,3664.25,3648.25,443700,214,3666.31,3656.5,3693.75,3640.25,3601.5,5800,18000,7000,0,25.75,2700,31.62,Viernes,0.0
35,10/03/2022,3711.5,3669.75,3643.75,2257400,560,3658.99,3593.25,3711.75,3571.75,3690.25,2000,60200,13100,1,67.75,29400,30.1,Lunes,0.0
36,10/04/2022,3805.0,3794.25,3777.25,2306300,490,3779.36,3696.5,3808.75,3686.25,3803.25,19800,134800,28200,0,27.75,38100,29.07,Martes,0.0
37,10/05/2022,3790.75,3769.0,3737.0,2028300,344,3775.23,3801.0,3820.0,3734.0,3794.0,39700,60500,11700,0,53.75,-4700,28.55,Miercoles,0.0
38,10/06/2022,3783.75,3780.0,3755.0,2101800,278,3776.53,3795.75,3819.5,3750.0,3765.0,38700,77600,45500,1,28.75,-12500,30.52,Jueves,0.0
39,10/07/2022,3689.25,3649.5,3632.5,2150600,552,3682.72,3745.75,3770.5,3632.5,3653.25,35000,62300,3100,0,56.75,-5000,31.36,Viernes,0.0
40,10/10/2022,3644.75,3625.0,3621.0,1987400,270,3633.12,3638.75,3667.5,3600.0,3625.25,28500,99800,34200,0,23.75,-1800,32.45,Lunes,0.0
41,10/11/2022,3618.75,3599.0,3582.0,2346100,297,3610.27,3624.75,3653.25,3579.0,3599.25,16700,82500,18300,0,36.75,6000,33.63,Martes,0.0
42,10/12/2022,3613.25,3609.5,3597.5,1900900,199,3605.96,3607.0,3635.25,3585.5,3588.5,53200,111200,54500,0,15.75,7100,33.57,Miercoles,0.0
43,10/13/2022,3697.75,3684.0,3557.0,3191800,783,3607.47,3596.25,3697.75,3502.0,3681.75,2400,50900,32200,0,140.75,-14900,31.94,Jueves,0.0
44,10/14/2022,3671.0,3598.25,3591.25,2651800,570,3647.14,3680.25,3733.75,3591.25,3597.5,13700,57100,5200,0,79.75,9000,32.02,Viernes,0.0
45,10/17/2022,3699.25,3689.5,3680.5,1884000,448,3678.46,3591.0,3702.5,3590.5,3689.25,20500,125100,23900,0,18.75,18500,31.37,Lunes,0.0
46,10/18/2022,3750.0,3727.25,3708.25,2698500,320,3735.95,3706.25,3777.25,3697.25,3732.75,25600,73700,45600,0,41.75,7600,30.5,Martes,0.0
47,10/19/2022,3725.5,3706.75,3691.75,2280100,390,3713.1,3759.75,3774.25,3676.75,3707.25,30900,70900,30700,0,33.75,-15300,30.76,Miercoles,0.0
48,10/20/2022,3714.0,3677.25,3667.25,2342200,327,3702.17,3708.0,3748.0,3666.25,3675.25,15000,61900,19000,0,46.75,-9600,29.98,Jueves,0.0
49,10/21/2022,3769.25,3764.5,3687.5,2583700,527,3706.98,3677.75,3773.25,3641.5,3764.0,5900,61000,27300,0,81.75,-22300,29.69,Viernes,0.0
50,10/24/2022,3805.25,3799.5,3770.5,2048900,342,3788.54,3771.0,3822.0,3736.5,3809.25,34600,65900,27400,0,34.75,12300,29.85,Lunes,0.0
51,10/25/2022,3869.75,3857.0,3835.0,1790100,337,3843.5,3803.25,3874.25,3790.0,3870.25,40900,57700,11000,0,34.75,14200,28.46,Martes,0.0
52,10/26/2022,3865.0,3844.25,3836.25,2029600,293,3856.78,3841.0,3897.5,3824.25,3841.0,36900,92400,34300,0,28.75,-23700,27.28,Miercoles,0.0
53,10/27/2022,3862.25,3843.5,3827.5,2144300,453,3836.48,3844.25,3870.75,3757.5,3819.5,34000,58800,45000,0,34.75,-11900,27.39,Jueves,0.0
54,10/28/2022,3924.25,3909.75,3844.75,1990500,590,3864.1,3798.25,3924.25,3776.75,3911.25,4640,78300,24600,0,79.5,-12000,25.75,Viernes,0.0
55,10/31/2022,3893.0,3882.25,3880.25,1877500,157,3887.4,3911.5,3914.5,3872.25,3883.0,80600,133900,84700,0,12.75,-3800,25.88,Lunes,0.0
56,11/01/2022,3882.25,3866.5,3856.5,1827700,302,3880.06,3884.0,3928.0,3852.5,3866.0,16000,115300,23500,0,25.75,-7600,25.81,Martes,0.0
57,11/02/2022,3897.25,3847.5,3832.5,2137800,602,3838.83,3863.0,3907.0,3756.5,3768.75,7800,73300,5700,0,64.75,-37300,25.86,Miercoles,0.0
58,11/03/2022,3751.0,3746.25,3727.25,1820400,313,3739.43,3766.75,3782.5,3704.25,3727.75,46900,66500,66400,0,23.75,801,25.3,Jueves,0.0
59,11/04/2022,3784.75,3780.0,3733.0,2416600,378,3756.49,3724.0,3805.5,3711.0,3779.5,28100,59200,28400,0,51.75,22600,24.55,Viernes,0.0
60,11/07/2022,3821.75,3815.25,3785.25,1442600,334,3792.58,3750.0,3821.75,3738.25,3815.25,2000,65500,53700,0,36.5,16100,24.35,Lunes,0.0
61,11/08/2022,3846.5,3834.75,3810.75,1811300,297,3833.63,3812.75,3867.0,3792.75,3835.25,45500,70900,13500,0,35.75,21500,25.54,Martes,0.0
62,11/09/2022,3846.75,3800.0,3778.0,1828300,395,3795.02,3832.5,3848.75,3750.0,3755.5,1000,59600,20900,0,68.75,-17200,26.09,Miercoles,0.0
63,11/10/2022,3966.25,3959.5,3895.5,2296700,888,3904.01,3757.0,3973.5,3751.5,3961.0,9900,60800,13900,0,70.75,4800,23.53,Jueves,0.0
64,11/11/2022,3991.75,3967.0,3960.0,1844900,235,3981.66,3973.0,4009.75,3951.0,4000.25,24200,64500,23300,0,31.75,-18100,22.52,Viernes,0.0
65,11/14/2022,3981.0,3984.0,3981.0,1516300,214,3992.02,3984.0,4017.5,3964.0,3966.0,33700,60200,34500,0,22.75,-16400,23.73,Lunes,0.0
66,11/15/2022,3969.0,3999.0,3969.0,2153900,363,4006.93,3974.75,4050.75,3960.0,3999.5,36100,53100,9900,0,52.75,11600,24.54,Martes,0.0
67,11/16/2022,3983.75,3969.0,3967.0,1441500,215,3979.52,3992.0,4015.75,3962.0,3968.5,30500,81600,38400,0,16.75,-13400,24.11,Miercoles,0.0
68,11/17/2022,3950.25,3945.5,3917.5,1510300,311,3939.47,3977.25,3990.25,3912.5,3955.25,18300,60700,39200,0,32.75,4200,23.93,Jueves,0.0
69,11/18/2022,3975.25,3956.5,3952.5,1470800,206,3965.75,3960.5,3994.0,3942.5,3974.0,38100,61800,31300,0,22.75,6800,23.12,Viernes,0.0
70,11/21/2022,3963.25,3957.5,3950.5,1137200,178,3956.82,3972.5,3982.0,3937.5,3958.0,45500,105100,67500,0,12.75,-2400,22.36,Lunes,0.0
71,11/22/2022,4012.0,4008.25,3977.25,1110600,269,3985.46,3957.75,4012.5,3945.25,4010.25,13000,56200,23900,0,34.75,13300,21.29,Martes,0.0
72,11/23/2022,4038.75,4031.0,4017.0,1229400,150,4023.4,4010.0,4039.5,4002.0,4033.0,18000,88700,34600,0,21.75,-14300,20.35,Miercoles,0.0
73,11/24/2022,4046.0,4041.25,4040.25,107900,48,4043.14,4038.75,4049.25,4038.25,4043.5,8400,16100,10500,0,5.75,1400,20.35,Jueves,0.0
74,11/25/2022,4036.5,4034.75,4028.75,455500,85,4034.37,4038.75,4046.0,4024.75,4032.5,46500,61400,26400,0,7.75,746,20.5,Viernes,0.0
75,11/28/2022,4002.0,3970.25,3960.25,1423700,255,3990.58,4040.25,4024.0,3960.25,3970.25,29000,62200,13100,0,41.75,-13900,22.21,Lunes,0.0
76,11/29/2022,3971.0,3961.25,3948.25,1444100,196,3963.07,3972.0,3990.25,3941.25,3962.0,44500,71800,28300,0,22.75,2200,21.89,Martes,0.0
77,11/30/2022,4089.5,4081.75,3965.75,2291000,603,4013.61,3962.25,4093.5,3942.75,4081.25,1000,68700,22400,0,123.75,40700,20.58,Miercoles,0.0
78,12/01/2022,4092.25,4080.5,4072.5,1760200,222,4081.33,4094.5,4110.0,4054.5,4081.75,39700,95500,48200,0,19.75,-8400,19.84,Jueves,0.0
79,12/02/2022,4079.5,4074.75,4042.75,1769000,315,4053.38,4077.5,4085.5,4006.75,4075.5,23400,55900,30400,0,36.75,-14700,19.06,Viernes,0.0
80,12/05/2022,4036.0,4003.25,3988.25,1421500,354,4022.89,4074.0,4075.75,3987.25,4003.25,17700,42900,4400,0,47.75,-7100,20.75,Lunes,0.0
81,12/06/2022,3966.25,3945.5,3925.5,1772400,373,3959.17,4005.75,4014.75,3921.5,3945.0,22600,51600,20400,0,40.75,-17700,22.17,Martes,0.0
82,12/07/2022,3945.75,3934.0,3931.0,1658300,190,3938.98,3944.5,3961.5,3914.0,3936.75,63700,112400,60300,0,14.75,-6500,22.68,Miercoles,0.0
83,12/08/2022,3971.75,3965.0,3954.0,1481600,245,3958.8,3935.75,3977.25,3916.0,3965.75,39600,95000,43900,0,17.75,-3300,22.29,Jueves,0.0
84,12/09/2022,4010.75,3994.0,3988.0,1739761,240,3993.47,3964.75,4023.0,3963.0,3936.25,17700,59900,25100,0,22.75,-3200,22.83,Viernes,0.0
85,12/12/2022,3997.75,3989.0,3970.0,1619977,280,3990.76,3933.0,4026.0,3956.0,3991.75,6300,65200,8400,0,27.75,10000,25.0,Lunes,0.0
86,12/13/2022,4095.25,4054.5,4017.5,2098000,650,4079.2,3989.25,4180.0,4017.5,4022.25,9500,58100,1500,0,77.75,-5600,22.55,Martes,0.0
87,12/14/2022,4088.75,4078.0,4034.0,1581700,375,4049.52,4021.75,4090.75,3997.0,3998.0,6700,47200,33400,1,54.75,-7600,21.14,Miercoles,0.0
88,12/15/2022,3946.75,3927.0,3910.0,1942000,540,3944.51,4004.25,4043.0,3908.0,3897.0,16900,99900,22500,0,36.75,14800,22.83,Jueves,0.0
89,12/16/2022,3893.0,3877.25,3864.25,1822600,317,3881.01,3890.5,3934.5,3855.25,3871.5,27900,71000,40100,0,28.75,-5600,22.62,Viernes,0.0
90,12/19/2022,3897.0,3859.25,3844.25,1284800,287,3856.19,3874.0,3899.0,3827.25,3845.5,5400,46600,38100,0,52.75,-4700,22.42,Lunes,0.0
91,12/20/2022,3863.25,3848.5,3840.5,1487100,252,3845.63,3842.75,3866.5,3803.5,3849.25,30100,84100,35300,0,22.75,2600,21.48,Martes,0.0
92,12/21/2022,3918.25,3903.5,3897.5,1465600,253,3897.15,3857.25,3918.75,3855.5,3905.75,3900,123800,5400,0,20.75,-4600,20.07,Miercoles,0.0
93,12/22/2022,3850.25,3832.5,3798.5,1753000,525,3837.56,3915.0,3919.75,3788.5,3849.25,26200,60500,30500,0,51.75,10800,21.97,Jueves,0.0
94,12/23/2022,3871.0,3859.25,3848.25,1332400,205,3853.08,3850.0,3872.5,3821.25,3869.75,29400,51900,26500,0,22.75,-2300,20.87,Viernes,0.0
95,12/27/2022,3870.0,3862.25,3850.25,975200,253,3862.91,3878.0,3900.5,3837.25,3855.0,15600,50500,16400,0,19.75,-8200,21.65,Martes,0.0
96,12/28/2022,3847.25,3807.5,3805.5,1203500,282,3835.12,3858.0,3875.0,3804.5,3807.5,11100,50200,8700,0,41.75,-13600,22.14,Miercoles,0.0
97,12/29/2022,3881.0,3877.25,3859.25,1089000,306,3861.35,3811.0,3882.75,3806.25,3871.75,13600,67100,6600,0,21.75,-14000,21.44,Jueves,0.0
98,12/30/2022,3851.25,3844.5,3824.5,1295800,198,3845.65,3869.75,3871.0,3821.5,3861.0,19600,72500,22100,0,26.75,5700,21.67,Viernes,0.0
99,01/03/2023,3865.25,3845.5,3817.5,1715500,369,3853.01,3895.0,3906.75,3814.5,3846.0,14500,54700,12700,0,47.75,-2500,22.9,Martes,0.0
100,01/04/2023,3875.25,3863.5,3847.5,1859000,239,3867.33,3842.75,3896.25,3836.5,3874.5,41400,72200,24800,0,27.75,12500,22.01,Miercoles,0.0
101,01/05/2023,3844.25,3828.5,3825.5,1635400,252,3840.42,3871.0,3885.5,3822.5,3829.0,41400,108400,42100,0,18.75,474,22.46,Jueves,0.0
102,01/06/2023,3927.75,3915.0,3864.0,1937300,439,3881.24,3833.0,3928.75,3819.0,3915.5,16000,84000,27900,0,63.75,6400,21.13,Viernes,0.0
103,01/09/2023,3953.5,3933.75,3910.75,1648700,254,3942.26,3918.5,3973.25,3909.75,3913.75,36200,45300,12000,0,42.75,5500,21.97,Lunes,0.0
104,01/10/2023,3929.25,3918.5,3904.5,1477600,209,3919.0,3914.5,3943.75,3891.5,3940.75,30000,62000,30500,1,24.75,1600,20.58,Martes,0.0
105,01/11/2023,3979.25,3959.5,3952.5,1333800,232,3966.18,3941.0,3992.5,3934.5,3990.0,28500,63700,23700,0,26.75,-8100,21.09,Miercoles,0.0
106,01/12/2023,4008.75,4003.0,3983.0,2043100,270,3994.59,3991.75,4021.5,3954.0,4003.5,35100,78100,26400,0,25.75,-7200,18.83,Jueves,0.0
107,01/13/2023,4016.5,3995.75,3979.75,1411000,250,3995.07,4003.0,4024.25,3961.75,4018.25,26700,68800,12500,0,36.75,-14300,18.35,Viernes,0.0
108,01/17/2023,4020.25,4012.5,4007.5,1227400,139,4015.19,4020.0,4035.25,4000.5,4009.5,52900,101600,39500,0,12.75,-2800,19.36,Martes,0.0
109,01/18/2023,4013.5,3944.75,3943.75,1835700,359,3987.83,4008.5,4033.5,3943.75,3945.75,26600,74000,5100,0,69.75,-20900,20.34,Miercoles,0.0
110,01/19/2023,3931.5,3916.75,3911.75,1835300,188,3921.53,3945.25,3948.75,3901.75,3915.5,43300,97600,73600,0,19.75,-9300,20.43,Jueves,0.0
111,01/20/2023,3990.5,3985.75,3934.75,1527900,315,3951.73,3925.0,3990.5,3911.75,3988.5,3700,56100,29800,0,55.75,7500,19.85,Viernes,0.0
112,01/23/2023,4053.0,4036.25,4018.25,1530700,306,4024.75,3987.0,4056.75,3980.25,4036.5,12400,56300,5000,0,34.75,11200,19.81,Lunes,0.0
113,01/24/2023,4039.0,4032.25,4022.25,1431500,169,4027.44,4036.5,4047.5,4005.25,4032.75,27700,97300,31100,0,16.75,5600,19.2,Martes,0.0
114,01/25/2023,4036.0,4028.25,3986.25,1702800,309,4000.94,4039.0,4040.5,3963.25,4032.0,2800,52200,26900,0,49.75,576,19.08,Miercoles,0.0
115,01/26/2023,4063.0,4053.25,4037.25,1562600,199,4051.91,4031.0,4077.0,4027.25,4075.5,31700,54100,34700,0,25.75,3100,18.73,Jueves,0.0
116,01/27/2023,4103.0,4084.25,4075.25,152600,208,4083.36,4065.0,4109.25,4057.25,4084.25,38200,86700,12900,0,27.75,2400,18.51,Viernes,0.0
117,01/30/2023,4064.25,4054.5,4037.5,1730100,226,4051.18,4077.0,4086.0,4029.5,4032.5,27400,69600,52400,0,26.75,-22000,19.94,Lunes,0.0
118,01/31/2023,4091.25,4089.5,4045.5,1703700,335,4057.51,4039.25,4091.25,4007.5,4090.0,25100,77300,28600,0,45.75,-5500,19.4,Martes,17.73
119,02/01/2023,4123.25,4079.5,4049.5,1937600,459,4098.8,4085.75,4163.25,4048.5,4132.25,22100,84500,1000,1,73.75,45500,17.87,Miercoles,26.23
120,02/02/2023,4195.5,4191.75,4165.75,2217700,287,4176.1,4145.5,4208.5,4136.75,4191.5,21900,90800,42400,0,39.75,143,18.73,Jueves,17.67
121,02/03/2023,4170.25,4147.5,4139.5,2259300,246,4160.1,4176.0,4194.0,4132.5,4147.75,23400,106500,23100,0,30.75,-24500,18.33,Viernes,26.19
122,02/06/2023,4130.75,4123.0,4118.0,1514000,156,4122.95,4134.25,4143.0,4104.0,4123.5,41400,127200,48700,0,12.75,-7400,19.43,Lunes,17.8
123,02/07/2023,4153.0,4112.25,4100.25,2123000,360,4137.0,4123.5,4188.25,4098.25,4175.75,26400,83900,13200,0,52.75,4400,18.66,Martes,20.5
124,02/08/2023,4152.0,4129.25,4124.25,1733500,232,4142.94,4167.25,4179.25,4121.25,4130.5,18000,121500,20400,0,27.75,2600,19.63,Miercoles,16.45
125,02/09/2023,4146.0,4091.25,4079.25,1776200,368,4127.36,4132.25,4170.25,4078.25,4091.75,21000,57100,3100,0,66.75,-15300,20.71,Jueves,17.45
126,02/10/2023,4098.5,4088.75,4080.75,1697600,174,4087.11,4098.0,4104.25,4060.75,4099.75,43200,85900,47800,0,17.75,-6200,20.53,Viernes,18.73
127,02/13/2023,4150.5,4142.75,4123.75,1318200,288,4129.24,4105.0,4150.75,4078.75,4147.25,8200,61600,20000,0,26.75,19400,20.34,Lunes,18.91
128,02/14/2023,4155.5,4144.75,4123.75,2316900,331,4139.32,4149.75,4186.5,4103.75,4145.5,38800,99800,60800,0,31.75,10000,18.91,Martes,32.21
129,02/15/2023,4142.75,4126.0,4119.0,1566400,195,4135.73,4141.25,4161.75,4113.0,4158.25,27400,80200,20000,0,23.75,13800,18.23,Miercoles,17.15
130,02/16/2023,4132.75,4109.0,4097.0,1990700,294,4123.36,4159.0,4168.5,4095.0,4099.75,48800,73100,25600,1,35.75,-19800,20.17,Jueves,16.19
131,02/17/2023,4081.5,4066.75,4060.75,1940000,161,4073.64,4095.5,4096.0,4055.75,4087.5,51600,81600,43700,0,20.75,9300,20.02,Viernes,22.86
132,02/20/2023,4083.0,4076.25,4075.25,117000,64,4080.6,4083.0,4089.25,4073.25,4075.5,13200,13300,10000,0,7.75,-62,20.02,Lunes,18.72
133,02/21/2023,4038.75,4010.0,4004.0,1705400,303,4028.31,4083.0,4077.75,4002.0,4005.75,21800,76900,16700,0,34.75,3900,22.87,Martes,19.94
134,02/22/2023,4017.5,4005.75,3997.75,1867600,165,4004.69,4007.5,4025.0,3983.75,3999.0,46200,84300,58900,0,19.75,2800,22.29,Miercoles,17.96
135,02/23/2023,4034.0,4020.25,4001.25,1894400,240,4009.01,4010.0,4034.25,3974.25,4018.75,14700,90300,20700,0,32.75,-10700,21.14,Jueves,18.97
136,02/24/2023,3977.25,3966.5,3955.5,1976400,303,3968.95,4015.25,4023.25,3947.5,3975.25,41800,117000,50600,0,21.75,-9000,21.67,Viernes,18.66
137,02/27/2023,4005.75,3988.0,3984.0,1583700,207,3998.48,3976.5,4024.75,3973.0,3988.0,47100,66500,44500,0,21.75,174,20.95,Lunes,16.09
138,02/28/2023,3993.75,3982.0,3977.0,1770100,155,3985.93,3991.5,4003.75,3965.0,3975.5,67700,114900,48000,0,16.75,-15500,20.7,Martes,15.91
139,03/01/2023,3967.75,3956.0,3949.0,1972600,192,3961.88,3959.75,3991.0,3943.0,3934.75,96400,118700,48500,0,18.75,23200,20.58,Miercoles,17.27
140,03/02/2023,3968.75,3947.0,3925.0,1777700,281,3956.04,3959.75,3995.25,3925.0,3984.75,5500,76800,3600,1,43.75,25900,19.59,Jueves,17.18
141,03/03/2023,4052.75,4049.0,4012.0,1560400,316,4022.36,3983.0,4053.0,3974.0,4049.5,14500,79000,20700,0,40.75,10600,19.08,Viernes,16.45
142,03/06/2023,4066.5,4051.75,4045.75,1476200,163,4061.88,4049.25,4082.5,4041.75,4052.5,20300,80000,13500,0,20.75,-160,18.61,Lunes,20.35
143,03/07/2023,4022.25,3989.5,3982.5,2034500,328,4015.54,4053.75,4064.5,3982.5,3989.75,21800,113100,6000,0,39.75,2000,19.59,Martes,16.55
144,03/08/2023,3997.25,3994.5,3997.25,1749400,127,3988.69,3990.0,4003.25,3971.5,3995.0,51800,145500,38300,0,13.75,5300,19.11,Miercoles,15.3
145,03/09/2023,3996.25,3920.5,3909.5,2310300,441,3970.73,3997.0,4019.75,3909.5,3920.0,30700,59600,1600,0,86.75,-19200,22.61,Jueves,28.48
146,03/10/2023,3905.0,3862.25,3850.25,2565500,382,3891.49,3919.0,3941.75,3846.25,3862.75,45700,79500,30800,0,54.75,-10700,24.8,Viernes,30.02
147,03/13/2023,3927.0,3918.25,3884.25,2315800,529,3902.26,3887.75,3971.5,3839.25,3856.75,22400,59300,21800,0,42.75,23800,26.52,Lunes,40.19
148,03/14/2023,3965.75,3952.0,3926.0,2213700,350,3937.98,3865.75,3972.5,3885.0,3920.5,24600,83000,31100,0,39.75,17100,23.73,Martes,22.04
149,03/15/2023,3910.75,3894.0,3874.0,2626700,396,3901.67,3920.5,3964.0,3865.0,3892.75,24300,90000,15000,1,36.75,26000,26.14,Miercoles,26.74
150,03/16/2023,3999.75,3994.0,3931.0,2254300,420,3953.64,3892.75,4000.0,3895.0,3960.5,10400,78800,10200,0,68.75,-4600,22.99,Jueves,21.9
151,03/17/2023,3969.25,3947.5,3936.5,2070800,307,3960.42,3962.25,4009.25,3932.5,3957.0,13400,94300,11600,0,32.75,-3500,25.51,Viernes,28.3
152,03/20/2023,3985.0,3972.25,3958.25,1711100,369,3963.65,3963.75,3989.5,3897.25,3983.0,46400,65800,32700,0,26.75,2500,24.15,Lunes,18.64
153,03/21/2023,4028.5,4011.75,4005.75,1440900,246,4018.75,3986.5,4043.25,3981.75,4035.75,22800,76800,20000,0,22.75,-15700,21.38,Martes,29.05
154,03/24/2023,3982.75,3957.0,3944.0,1861500,295,3970.51,3988.75,4010.75,3937.0,4001.25,28400,57300,24800,1,38.75,9300,21.74,Viernes,23.98
155,03/27/2023,4023.25,4010.5,4005.5,1249500,147,4016.38,4008.0,4034.25,3997.5,4007.25,56500,77100,33900,0,18.0,-4100,20.6,Lunes,23.7
156,03/28/2023,4005.5,3998.75,3991.75,1189700,172,3998.07,4013.5,4023.75,3980.75,4001.5,55300,82800,49200,1,13.75,10600,19.97,Martes,21.6
157,03/29/2023,4049.75,4041.0,4032.0,1326400,221,4043.39,4006.5,4061.25,4006.0,4057.5,25500,100800,22700,1,17.75,-22100,19.12,Miercoles,17.42
158,03/30/2023,4084.25,4080.5,4072.5,1279600,141,4075.83,4058.0,4087.75,4052.5,4080.0,74400,112500,63100,0,11.75,-15300,19.02,Jueves,15.53
159,03/31/2023,4121.75,4117.0,4084.0,1427500,253,4112.88,4081.0,4141.25,4078.0,4137.75,6900,65600,7600,0,37.75,-5300,18.7,Viernes,15.15
160,04/03/2023,4156.5,4153.75,4135.75,1330600,140,4141.61,4127.0,4157.75,4122.75,4153.75,23000,88100,77700,0,20.75,17100,18.55,Lunes,14.9
161,04/04/2023,4149.0,4129.25,4116.25,1531300,226,4138.28,4152.5,4171.75,4115.25,4129.0,24100,91400,3900,0,32.75,11500,19.0,Martes,16.1
162,04/05/2023,4122.75,4117.0,4107.0,1423500,146,4114.29,4134.0,4135.5,4099.0,4117.25,49600,101000,53800,0,15.75,-6500,19.08,Miercoles,12.1
163,04/06/2023,4134.25,4130.5,4109.5,1259200,155,4117.63,4113.75,4135.25,4096.5,4132.0,19400,109700,36800,0,24.75,-7100,18.4,Jueves,12.99
164,04/07/2023,4137.75,4128.0,4123.0,71600,103,4132.8,4130.5,4146.75,4121.0,4141.5,2700,10900,831,0,14.75,1600,18.4,Viernes,12.74
165,04/10/2023,4141.5,4127.75,4108.75,1118400,177,4118.89,4139.0,4143.0,4098.75,4136.25,12000,52800,43300,1,32.75,-6000,18.97,Lunes,18.49
166,04/11/2023,4143.5,4138.75,4133.5,1179700,92,4140.24,4138.5,4151.75,4128.75,4136.5,56400,113700,64600,0,9.75,-6900,19.1,Martes,12.7
167,04/12/2023,4160.25,4144.5,4128.5,1803000,257,4140.32,4137.5,4177.75,4113.5,4119.0,22800,79800,27300,0,31.75,-28300,19.09,Miercoles,19.31
168,04/13/2023,4177.0,4172.25,4140.25,1382300,267,4149.75,4117.5,4177.0,4110.25,4172.75,4000,130700,24500,0,36.75,-2900,17.8,Jueves,14.44
169,04/14/2023,4172.75,4164.0,4149.0,1823700,204,4161.63,4168.75,4189.0,4138.0,4163.75,42600,85300,51600,0,23.75,-10800,17.07,Viernes,13.56
170,04/17/2023,4172.75,4162.0,4155.0,1259700,130,4163.5,4174.25,4180.5,4148.0,4176.75,31300,69800,54600,0,17.75,-16800,16.95,Lunes,12.56
171,04/18/2023,4181.25,4179.5,4169.5,1371400,135,4178.7,4177.0,4198.25,4164.5,4180.0,71700,130600,62200,0,11.75,-23500,16.83,Martes,11.36
172,04/19/2023,4182.25,4179.5,4163.5,1250900,148,4170.46,4176.0,4187.5,4150.5,4178.5,37000,78500,24900,1,18.75,2200,16.46,Miercoles,11.81
173,04/20/2023,4162.75,4153.0,4146.0,1714800,146,4154.63,4172.25,4173.5,4137.0,4152.5,36700,93100,58400,0,16.75,2400,17.17,Jueves,11.95
174,04/21/2023,4157.0,4153.25,4147.25,1588200,103,4150.37,4153.75,4161.0,4135.25,4156.75,77100,137700,95700,0,10.75,-19100,16.77,Viernes,12.75
175,04/24/2023,4160.25,4147.5,4146.5,1286700,123,4152.79,4150.0,4164.5,4133.5,4159.5,74500,85100,54500,0,13.75,-10500,16.89,Lunes,13.27
176,04/25/2023,4130.25,4102.5,4091.5,1690900,268,4118.47,4157.25,4158.5,4091.5,4093.25,67300,71900,1800,0,38.75,812,18.76,Martes,9.96
177,04/26/2023,4114.5,4099.75,4083.75,1753600,190,4091.81,4110.25,4116.25,4068.75,4076.0,12900,90900,45700,0,30.75,7000,18.84,Miercoles,14.57
178,04/27/2023,4164.5,4152.75,4109.75,1616400,343,4126.25,4085.5,4166.5,4080.75,4153.75,4700,82300,25200,0,54.75,-12800,17.03,Jueves,15.28
179,04/28/2023,4192.25,4179.5,4163.5,1687900,249,4169.74,4151.0,4193.75,4131.5,4188.5,27800,83200,22600,0,28.75,4000,15.78,Viernes,13.35
180,05/01/2023,4196.25,4188.5,4184.5,1195200,111,4191.77,4190.0,4206.25,4178.5,4185.75,46900,105000,60900,0,11.75,-10600,16.08,Lunes,10.06
181,05/02/2023,4142.25,4136.5,4112.5,1941100,344,4137.54,4179.5,4191.5,4105.5,4136.75,28200,93200,43100,0,29.75,-52100,17.78,Martes,19.82
182,05/03/2023,4153.75,4142.0,4133.0,1610900,288,4137.31,4133.25,4167.0,4095.0,4107.5,25500,92100,33200,0,20.75,-15000,18.34,Miercoles,17.64
183,05/04/2023,4088.0,4074.25,4069.25,1934700,223,4081.88,4087.0,4118.0,4062.25,4075.75,35000,120900,26800,1,18.75,2100,20.09,Jueves,20.77
184,05/05/2023,4161.5,4133.75,4127.75,1487900,346,4132.57,4077.25,4163.75,4076.75,4150.25,9800,70200,22700,1,33.75,-11400,17.19,Viernes,14.12
185,05/08/2023,4154.25,4152.5,4145.5,998300,94,4149.88,4151.0,4161.0,4137.5,4152.75,65000,113500,66900,0,8.75,6900,16.98,Lunes,11.32
186,05/09/2023,4139.75,4137.0,4133.0,966000,88,4137.88,4150.5,4153.0,4131.0,4134.0,86400,123000,67900,0,6.75,-5900,17.71,Martes,18.33
187,05/10/2023,4156.0,4146.25,4127.25,1824900,244,4143.73,4133.0,4173.25,4112.25,4152.0,46600,69200,32500,0,28.75,5400,16.94,Miercoles,13.39
188,05/11/2023,4145.25,4143.5,4127.5,1425700,188,4139.1,4152.75,4168.5,4121.5,4143.75,49100,90400,31900,0,17.75,-29200,16.93,Jueves,13.82
189,05/12/2023,4138.5,4136.75,4112.75,1385900,211,4133.56,4144.5,4164.5,4111.75,4138.0,61500,79900,24100,0,25.75,-32400,17.03,Viernes,14.18
190,05/15/2023,4151.75,4148.0,4136.0,1141700,133,4141.92,4132.25,4156.25,4123.0,4150.0,41600,70700,39200,0,15.75,-16800,17.12,Lunes,11.68
191,05/16/2023,4141.75,4135.0,4130.0,1282900,126,4135.41,4148.25,4151.5,4120.0,4123.0,47200,116500,30000,0,11.75,-32900,17.99,Martes,13.98
192,05/17/2023,4178.75,4170.0,4140.0,1507800,228,4153.72,4126.0,4179.0,4122.0,4171.5,11100,127100,41000,0,35.75,-33200,16.87,Miercoles,12.94
193,05/18/2023,4215.75,4211.25,4180.25,1664600,218,4187.96,4171.25,4215.75,4161.25,4212.0,5400,79100,60600,0,35.5,-56100,16.05,Jueves,13.7
194,05/19/2023,4218.25,4204.5,4193.5,1612400,143,4210.13,4215.5,4227.25,4191.5,4204.75,51200,131300,19900,0,24.75,11500,16.81,Viernes,14.17
195,05/22/2023,4212.25,4205.5,4202.5,1256600,141,4207.68,4189.0,4221.75,4186.5,4205.0,52700,120200,45300,0,9.75,21900,17.21,Lunes,12.29
196,05/23/2023,4205.75,4194.0,4164.0,1618800,279,4180.12,4207.5,4222.0,4153.0,4158.75,2900,102900,40000,0,41.75,20400,18.53,Martes,13.43
197,05/24/2023,4133.75,4125.0,4117.0,1856200,209,4129.75,4158.0,4166.25,4114.0,4126.0,37600,140300,31700,1,16.75,-3900,20.03,Miercoles,17.51
198,05/25/2023,4165.25,4159.5,4144.5,1883200,176,4153.01,4157.0,4175.5,4131.5,4159.75,40700,108600,61900,0,20.75,-24200,19.14,Jueves,16.5
199,05/26/2023,4196.0,4213.0,4196.0,1662400,301,4198.41,4157.0,4221.25,4146.0,4213.25,52200,82600,17400,0,23.75,-7600,17.95,Viernes,20.34
200,05/29/2023,4229.0,4225.25,4221.25,140200,92,4226.78,4239.25,4243.25,4220.25,4227.0,4900,19100,11600,0,7.75,1300,17.95,Lunes,20.34
201,05/30/2023,4225.75,4215.0,4209.0,1769800,172,4219.94,4239.75,4243.0,4200.0,4215.0,34200,123600,30800,0,16.75,13600,17.46,Martes,13.58
202,05/31/2023,4203.75,4190.0,4183.0,2040900,175,4190.12,4213.0,4217.75,4174.0,4190.5,19800,181400,35300,0,20.75,-16000,17.94,Miercoles,15.1
203,06/01/2023,4238.75,4226.0,4194.0,1796300,247,4209.52,4188.5,4239.75,4178.0,4228.0,18200,88500,25700,1,44.75,-662,15.65,Jueves,13.98
204,06/02/2023,4296.75,4289.0,4264.0,1870400,275,4274.05,4231.75,4297.75,4229.0,4288.0,16800,117900,43100,0,32.75,-15500,14.6,Viernes,11.9
205,06/05/2023,4300.0,4289.0,4283.0,1594800,131,4290.09,4288.0,4305.75,4273.0,4281.0,47100,93700,44000,0,17.75,-27800,14.73,Lunes,10.57
206,06/06/2023,4292.25,4289.5,4279.5,1482400,105,4283.04,4279.75,4294.75,4268.5,4289.75,66800,130200,82200,0,12.75,-12500,13.96,Martes,10.27
207,06/07/2023,4289.0,4274.25,4270.25,1800600,142,4283.75,4292.25,4304.75,4269.25,4274.25,19100,144900,36200,0,18.75,-31900,13.94,Miercoles,11.04
208,06/08/2023,4299.5,4295.75,4275.75,1459400,159,4284.22,4273.25,4302.5,4262.75,4298.25,45600,93100,48800,0,23.75,17400,13.65,Jueves,11.02
209,06/09/2023,4360.75,4348.0,4342.0,1428100,166,4351.76,4297.75,4369.5,4328.0,4304.75,42900,125700,26800,1,18.75,9900,13.83,Viernes,11.59
210,06/12/2023,4367.5,4354.75,4351.75,1143000,170,4365.85,4306.5,4391.25,4348.75,4342.75,28900,97700,17100,1,15.75,21000,15.01,Lunes,16.75
211,06/13/2023,4419.5,4413.75,4405.75,1720300,166,4409.79,4345.0,4423.25,4381.75,4371.75,63400,112500,81400,0,13.75,-7700,14.61,Martes,17.26
212,06/14/2023,4430.25,4427.5,4409.5,1714100,224,4416.17,4372.0,4439.5,4383.5,4374.25,38100,77700,37700,0,20.75,4300,13.88,Miercoles,13.98
213,06/15/2023,4485.5,4470.75,4435.75,1718800,367,4447.08,4378.75,4485.5,4393.75,4426.4,4300,52100,37000,0,49.75,12100,14.5,Jueves,15.0
214,06/16/2023,4484.75,4474.0,4466.0,1639800,171,4472.88,4424.75,4493.75,4451.0,4453.5,34200,96500,28500,1,18.75,-8600,13.54,Viernes,12.43
215,06/20/2023,4444.25,4434.5,4428.5,13337900,162,4431.74,4458.0,4451.0,4410.5,4434.75,19100,111400,18000,0,15.75,-8300,13.88,Martes,11.04
216,06/21/2023,4420.25,4412.5,4407.5,1395300,140,4416.18,4430.25,4438.5,4403.5,4409.25,42900,108400,38400,0,12.75,-21500,13.2,Miercoles,10.93
217,06/22/2023,4402.5,4397.75,4394.75,1325400,79,4401.07,4410.0,4413.5,4393.75,4423.75,6500,13800,7300,0,7.75,-1600,12.91,Jueves,10.34
218,06/23/2023,4398.25,4390.5,4385.5,1380600,179,4394.71,4425.75,4426.25,4381.5,4384.0,34700,107900,43400,0,12.75,-16600,13.44,Viernes,11.32
219,06/26/2023,4388.25,4383.5,4372.5,1556900,138,4383.93,4390.0,4403.0,4368.5,4370.25,28500,112400,30000,0,15.75,-30200,14.25,Lunes,11.09
220,06/27/2023,4424.25,4418.5,4384.5,1434500,213,4398.03,4375.75,4424.75,4371.5,4418.75,14200,78900,67000,0,39.75,2100,13.74,Martes,10.54
221,06/28/2023,4419.0,4410.25,4405.25,1620700,124,4412.22,4414.0,4430.25,4399.25,4417.5,65800,139200,60100,0,13.75,-4500,13.43,Miercoles,11.36
222,06/29/2023,4432.5,4429.75,4418.75,1572500,113,4425.65,4423.75,4438.0,4409.75,4435.75,51000,125700,58600,1,13.75,-8000,13.54,Jueves,13.09
223,06/30/2023,4494.75,4483.0,4478.0,1619500,260,4480.39,4434.25,4498.0,4433.0,4483.25,76000,92600,52600,0,16.75,-28700,13.59,Viernes,15.3
224,07/03/2023,4490.25,4487.5,4484.5,594700,58,4487.51,4485.5,4494.0,4479.5,4488.5,42200,90100,69200,0,5.75,3300,13.57,Lunes,9.89
225,07/05/2023,4490.0,4484.25,4481.25,1054300,106,4483.08,4492.0,4492.75,4466.25,4483.75,61000,135100,48600,1,8.75,65,14.18,Miercoles,9.99
226,07/06/2023,4450.25,4444.5,4426.5,1655500,256,4441.17,4481.75,4483.5,4419.5,4447.0,38800,107500,43800,0,23.75,-27000,15.44,Jueves,13.92
227,07/07/2023,4452.25,4444.5,4432.5,1614800,178,4449.44,4441.25,4476.0,4431.5,4434.0,22500,82100,24700,0,19.75,11700,14.83,Viernes,11.25
228,07/10/2023,4442.0,4437.25,4430.25,1307500,146,4435.45,4437.5,4448.25,4411.25,4444.25,42200,136100,42600,1,11.75,12800,15.07,Lunes,10.48
229,07/11/2023,4462.75,4455.0,4447.0,1282600,158,4456.85,4445.75,4478.5,4439.0,4473.5,42300,90700,41200,1,15.75,-8000,14.84,Martes,15.91
230,07/12/2023,4515.75,4511.0,4500.0,1691600,215,4507.77,4471.0,4523.75,4470.0,4507.5,65900,105800,57300,0,15.75,-8100,13.54,Miercoles,10.62
231,07/13/2023,4540.0,4529.25,4520.25,1088500,169,4532.48,4510.5,4551.5,4509.25,4543.5,22800,104800,17200,0,19.75,15900,13.61,Jueves,12.06
232,07/14/2023,4551.0,4536.0,4536.0,1315300,118,4545.34,4539.5,4560.5,4531.0,4536.75,55900,85300,85300,0,15.75,-16600,13.34,Viernes,10.17
233,07/17/2023,4560.75,4551.0,4542.0,1007200,151,4547.73,4536.0,4565.75,4528.0,4553.75,28500,68600,21700,0,18.75,-1600,13.48,Lunes,9.72
234,07/18/2023,4594.5,4586.75,4561.75,1219800,199,4571.69,4550.25,4594.5,4544.75,4587.75,5200,68100,36300,0,32.75,770,13.3,Martes,9.63
235,07/19/2023,4606.0,4603.25,4594.25,1461600,108,4598.5,4582.75,4609.25,4582.25,4597.0,86100,126600,76200,1,11.75,-6100,13.76,Miercoles,10.65
236,07/20/2023,4584.0,4565.25,4557.25,1458200,148,4577.59,4593.25,4594.25,4557.25,4565.5,58600,73400,7800,0,26.75,-36700,13.99,Jueves,11.26
237,07/21/2023,4580.5,4576.75,4566.75,1370400,113,4573.5,4566.25,4590.0,4561.75,4564.75,63600,86200,75400,0,13.75,8300,13.6,Viernes,9.73
238,07/24/2023,4587.75,4583.0,4578.0,1151600,130,4580.13,4564.25,4592.5,4560.0,4583.5,35100,121600,34500,0,9.75,9600,13.91,Lunes,9.32
239,07/25/2023,4608.0,4595.25,4588.25,1151700,118,4594.05,4584.5,4608.75,4579.25,4596.0,13500,90800,62300,0,19.75,12200,13.86,Martes,15.14
240,07/26/2023,4593.5,4587.75,4580.75,1308500,148,4590.2,4604.75,4610.75,4573.75,4595.25,42100,117800,38300,0,12.75,3900,13.19,Miercoles,10.42
241,07/27/2023,4633.5,4616.75,4585.75,1828300,323,4600.99,4594.75,4634.5,4553.75,4564.25,11800,62300,11200,0,47.5,-6400,14.41,Jueves,14.81
242,07/28/2023,4614.75,4606.0,4597.0,1492200,234,4599.76,4566.0,4616.5,4558.0,4606.5,28800,148100,36400,0,17.75,15600,13.33,Viernes,10.47
243,07/31/2023,4615.0,4604.25,4603.25,1231300,96,4609.38,4608.75,4619.25,4595.25,4614.5,82300,103200,62000,0,11.75,-29700,13.63,Lunes,9.38
244,08/01/2023,4604.75,4601.0,4597.0,1147000,123,4601.09,4617.75,4621.75,4591.0,4601.25,85400,117400,81200,1,7.75,-16700,13.93,Martes,9.42
245,08/02/2023,4558.5,4535.75,4528.75,1834500,263,4551.55,4580.0,4593.5,4527.75,4537.25,15500,108600,16400,0,29.75,-23400,16.09,Miercoles,13.79
246,08/03/2023,4531.5,4524.75,4513.75,1699700,167,4524.06,4534.25,4547.5,4505.75,4521.75,50800,101300,61400,0,17.75,6900,15.92,Jueves,15.3
247,08/04/2023,4541.5,4498.75,4494.75,1948000,268,4528.1,4523.5,4560.75,4493.75,4498.0,58100,77000,30600,1,46.75,-10300,17.1,Viernes,14.69
248,08/07/2023,4531.25,4524.5,4513.5,1352200,165,4523.96,4500.5,4541.75,4500.5,4537.75,58900,80300,35400,0,17.75,214,15.77,Lunes,10.49
249,08/08/2023,4508.75,4487.0,4484.0,1630500,236,4502.35,4539.5,4541.0,4482.0,4518.5,37200,75400,28200,0,24.75,-13700,15.99,Martes,11.08
250,08/09/2023,4512.0,4488.25,4480.25,1581600,232,4503.44,4516.5,4536.25,4478.25,4485.75,62400,74500,9400,0,31.75,-18500,15.96,Miercoles,17.0
251,08/10/2023,4518.25,4485.5,4481.5,2162900,285,4506.87,4493.25,4544.75,4473.5,4485.75,42600,75400,16700,0,36.75,-5900,15.85,Jueves,44.0
252,08/11/2023,4486.75,4480.0,4472.0,1458700,149,4478.3,4487.75,4496.25,4459.0,4480.75,48900,90900,75200,0,14.75,-6500,14.84,Viernes,15.26
253,08/14/2023,4502.75,4493.0,4480.0,1237900,171,4489.74,4485.0,4507.75,4465.0,4506.0,14800,96000,12500,0,22.75,6600,14.82,Lunes,12.98
254,08/15/2023,4487.75,4465.0,4460.0,1430700,283,4470.87,4505.75,4517.75,4447.0,4454.0,26200,93800,15800,0,27.75,-11200,16.46,Martes,11.77
255,08/16/2023,4463.75,4458.0,4437.0,1442600,201,4443.81,4453.25,4467.25,4417.0,4420.0,23400,57100,34400,0,26.75,-16600,16.78,Miercoles,14.2
256,08/17/2023,4436.5,4424.75,4403.75,1559600,236,4410.66,4420.5,4436.75,4377.75,4384.5,7800,79900,15900,0,32.75,-36600,17.89,Jueves,14.16
257,08/18/2023,4387.75,4379.0,4366.0,1645200,184,4373.97,4379.25,4396.0,4350.0,4382.75,29800,91900,22300,0,21.75,12100,17.3,Viernes,15.97
258,08/21/2023,4406.0,4387.25,4378.25,1319300,195,4396.9,4382.5,4421.0,4372.25,4412.5,33000,57000,21500,0,27.75,11600,17.13,Lunes,16.14
259,08/22/2023,4396.25,4399.25,4396.25,1323100,183,4410.73,4410.25,4440.0,4394.25,4399.25,48500,120800,26900,0,19.75,9000,16.97,Martes,13.6
260,08/23/2023,4455.25,4445.5,4422.5,1248400,307,4435.29,4400.0,4476.25,4399.25,4447.0,4500,63600,20700,0,32.75,38200,15.98,Miercoles,12.82
261,08/24/2023,4446.25,4419.5,4378.5,1715800,428,4427.73,4470.5,4485.5,4378.5,4386.0,15200,45200,952,0,67.75,-42200,17.2,Jueves,15.34
262,08/25/2023,4427.0,4414.25,4392.25,1801300,255,4400.19,4384.5,4429.0,4365.25,4414.25,13500,63000,41200,1,34.75,-3400,15.68,Viernes,17.36
263,08/28/2023,4444.25,4441.5,4428.5,1225600,140,4434.74,4418.0,4449.5,4414.5,4442.25,55400,84700,44200,0,15.75,5200,15.08,Lunes,13.96
264,08/29/2023,4509.25,4506.5,4472.5,1374500,304,4481.5,4444.0,4509.5,4433.5,4506.75,6000,67100,32500,0,36.75,6600,14.45,Martes,11.35
265,08/30/2023,4528.0,4523.25,4513.25,1342200,138,4517.97,4508.75,4530.75,4496.25,4524.25,60500,115000,44600,0,14.75,-11800,13.88,Miercoles,12.31
266,08/31/2023,4536.5,4528.75,4521.75,1333800,114,4526.5,4527.0,4541.25,4512.75,4516.0,33300,89000,47600,0,14.75,-11400,13.57,Jueves,11.98
267,09/01/2023,4532.0,4521.25,4511.25,1354900,162,4525.31,4516.75,4547.75,4507.25,4521.5,46000,87100,23800,0,20.75,4600,13.09,Viernes,12.72
268,09/04/2023,4579.5,4577.75,4569.75,123800,64,4573.32,4567.75,4580.75,4564.75,4567.75,10000,14400,6700,1,9.75,1400,13.09,Lunes,10.44
269,09/05/2023,4565.5,4556.75,4554.75,1206800,89,4559.64,4521.25,4571.0,4548.75,4502.5,62600,98900,72100,1,10.75,-5800,14.01,Martes,9.93
270,09/06/2023,4529.25,4519.5,4505.5,1524600,227,4521.29,4500.0,4553.25,4496.5,4471.5,26200,117900,15200,0,23.75,-19300,14.45,Miercoles,10.64
271,09/07/2023,4508.5,4504.75,4493.75,1443800,150,4499.71,4469.5,4521.25,4483.75,4456.25,45400,113700,40300,0,14.75,-18100,14.4,Jueves,11.05
272,09/08/2023,4522.25,4514.5,4507.5,1078800,138,4512.37,4458.25,4527.0,4492.5,4461.75,46000,82000,43300,0,14.75,-4800,13.84,Viernes,10.92
273,09/11/2023,4541.5,4538.75,4526.75,911500,139,4531.39,4463.5,4543.5,4508.75,4490.25,27000,73200,61500,0,14.75,-2100,13.8,Lunes,9.98
274,09/12/2023,4532.0,4528.25,4515.25,1057800,127,4522.85,4487.75,4539.0,4507.25,4465.0,26500,75500,23900,0,16.75,-5500,14.23,Martes,13.78
275,09/13/2023,4527.75,4522.0,4513.0,1332300,141,4517.35,4464.5,4530.25,4495.0,4468.75,52200,80000,48300,0,14.75,1800,13.48,Miercoles,11.01
276,09/14/2023,4557.75,4554.0,4537.0,1429000,172,4544.82,4471.75,4562.0,4519.0,4506.0,47700,110800,54500,0,20.75,5800,12.82,Jueves,11.93
277,09/15/2023,4528.75,4498.0,4495.0,-18500,288,4519.52,4508.0,4566.0,4494.0,4491.75,41300,108400,11900,0,33.75,-18500,13.79,Viernes,10.59
278,09/18/2023,4505.75,4499.0,4492.0,1112900,110,4501.33,4499.5,4514.5,4487.0,4501.5,34800,101800,39000,0,13.75,16700,14.0,Lunes,9.58
279,09/19/2023,4499.0,4491.25,4472.25,1369400,189,4483.55,4503.25,4509.5,4462.25,4490.0,9600,91300,34100,0,26.75,248,14.11,Martes,13.79
280,09/20/2023,4506.0,4499.25,4478.25,1420700,259,4482.85,4491.25,4508.0,4443.25,4447.0,19400,88800,13000,1,27.75,-16100,15.14,Miercoles,13.84
281,09/21/2023,4419.25,4404.5,4387.5,1905200,322,4400.32,4445.0,4447.0,4366.5,4372.0,9900,80500,14200,1,31.75,-29800,17.54,Jueves,19.09
282,09/22/2023,4395.0,4380.25,4373.25,1650800,167,4378.9,4370.25,4399.0,4357.25,4361.0,30500,80500,35000,0,21.75,-6800,17.2,Viernes,17.49
283,09/25/2023,4375.0,4369.25,4354.25,1498500,181,4363.58,4365.0,4383.5,4338.25,4378.75,23400,92100,29900,0,20.75,15300,16.9,Lunes,14.96
284,09/26/2023,4337.25,4314.5,4306.5,1673800,306,4331.84,4382.0,4382.0,4305.5,4314.75,14500,120100,13600,0,30.75,18000,18.94,Martes,16.95
285,09/27/2023,4330.75,4314.0,4304.0,1893800,238,4311.63,4320.25,4336.5,4277.0,4313.5,32800,93400,30800,0,26.75,13600,18.22,Miercoles,17.53
286,09/28/2023,4350.75,4336.0,4318.0,1946300,219,4328.36,4323.25,4355.75,4301.0,4337.5,22300,85000,45600,0,32.75,19400,17.34,Jueves,19.47
287,09/29/2023,4356.75,4326.0,4312.0,1916700,241,4342.97,4342.0,4371.25,4311.0,4325.5,43500,85100,7300,0,44.75,1900,17.52,Viernes,17.29
288,10/02/2023,4328.25,4324.5,4305.5,1894100,240,4318.61,4349.0,4355.5,4295.5,4324.25,49500,79800,50000,0,22.75,24300,17.61,Lunes,14.64
289,10/03/2023,4290.0,4267.25,4251.25,2191400,338,4280.21,4326.0,4335.75,4251.25,4264.75,8300,94200,3600,0,38.75,-11500,19.78,Martes,16.76
